filename,subject_id,finger_type,hand_side,gender,quality_score,is_duplicate,max_similarity,duplicate_count,stored,processing_time
1__M_Left_index_finger,1,index,left,M,0.8312702320371372,False,0.0,0,True,2025-08-07T17:47:50.538995
1__M_Left_little_finger,1,little,left,M,0.7491915498725961,False,0.0,0,True,2025-08-07T17:47:50.626488
1__M_Left_middle_finger,1,middle,left,M,0.8744485446041664,False,0.0,0,True,2025-08-07T17:47:50.713595
1__M_Left_ring_finger,1,ring,left,M,0.8283500243894124,False,0.0,0,True,2025-08-07T17:47:50.792742
1__M_Left_thumb_finger,1,thumb,left,M,0.9331625506842545,False,0.0,0,True,2025-08-07T17:47:50.871867
1__M_Right_index_finger,1,index,right,M,0.8539289288662977,False,0.0,0,True,2025-08-07T17:47:51.091963
1__M_Right_little_finger,1,little,right,M,0.7701600131285993,False,0.0,0,True,2025-08-07T17:47:51.217060
1__M_Right_middle_finger,1,middle,right,M,0.7886998292962384,False,0.0,0,True,2025-08-07T17:47:51.360964
1__M_Right_ring_finger,1,ring,right,M,0.8028225215375373,False,0.0,0,True,2025-08-07T17:47:51.470091
1__M_Right_thumb_finger,1,thumb,right,M,0.9134591498456486,False,0.0,0,True,2025-08-07T17:47:51.549654
10__M_Left_index_finger,10,index,left,M,0.8458973187248005,False,0.0,0,True,2025-08-07T17:47:51.646770
10__M_Left_little_finger,10,little,left,M,0.7828239734085058,False,0.0,0,True,2025-08-07T17:47:51.747565
10__M_Left_middle_finger,10,middle,left,M,0.9288812817810875,False,0.0,0,True,2025-08-07T17:47:51.879348
10__M_Left_ring_finger,10,ring,left,M,0.8772759352103324,False,0.0,0,True,2025-08-07T17:47:51.957293
10__M_Left_thumb_finger,10,thumb,left,M,0.9384582809298038,False,0.0,0,True,2025-08-07T17:47:52.046864
10__M_Right_index_finger,10,index,right,M,0.892457059418921,False,0.0,0,True,2025-08-07T17:47:52.136406
10__M_Right_little_finger,10,little,right,M,0.7653576164894614,False,0.0,0,True,2025-08-07T17:47:52.315748
10__M_Right_middle_finger,10,middle,right,M,0.9132086965330846,False,0.0,0,True,2025-08-07T17:47:52.425484
10__M_Right_ring_finger,10,ring,right,M,0.7495485994628618,False,0.0,0,True,2025-08-07T17:47:52.573123
10__M_Right_thumb_finger,10,thumb,right,M,0.9604508031432739,False,0.0,0,True,2025-08-07T17:47:52.653934
11__M_Left_index_finger,11,index,left,M,0.9444965365270896,False,0.0,0,True,2025-08-07T17:47:52.749585
11__M_Left_little_finger,11,little,left,M,0.8271343914790104,False,0.0,0,True,2025-08-07T17:47:52.820772
11__M_Left_middle_finger,11,middle,left,M,0.8155573641779525,False,0.0,0,True,2025-08-07T17:47:52.921504
11__M_Left_ring_finger,11,ring,left,M,0.8678050736602139,False,0.0,0,True,2025-08-07T17:47:53.007147
11__M_Left_thumb_finger,11,thumb,left,M,0.8648651773617071,False,0.0,0,True,2025-08-07T17:47:53.101020
11__M_Right_index_finger,11,index,right,M,0.9124179241602611,False,0.0,0,True,2025-08-07T17:47:53.169704
11__M_Right_little_finger,11,little,right,M,0.8763964360540037,False,0.0,0,True,2025-08-07T17:47:53.245493
11__M_Right_middle_finger,11,middle,right,M,0.9049751227403845,False,0.0,0,True,2025-08-07T17:47:53.320430
11__M_Right_ring_finger,11,ring,right,M,0.9146846676876677,False,0.0,0,True,2025-08-07T17:47:53.417787
11__M_Right_thumb_finger,11,thumb,right,M,0.8561184313558696,False,0.0,0,True,2025-08-07T17:47:53.496920
12__M_Left_index_finger,12,index,left,M,0.7853156517230782,False,0.0,0,True,2025-08-07T17:47:53.588390
12__M_Left_little_finger,12,little,left,M,0.7570583840037415,False,0.0,0,True,2025-08-07T17:47:53.816701
12__M_Left_middle_finger,12,middle,left,M,0.797192675631,False,0.0,0,True,2025-08-07T17:47:53.962801
12__M_Left_ring_finger,12,ring,left,M,0.7778694641960929,False,0.0,0,True,2025-08-07T17:47:54.032308
12__M_Left_thumb_finger,12,thumb,left,M,0.8939096523995304,False,0.0,0,True,2025-08-07T17:47:54.131972
12__M_Right_index_finger,12,index,right,M,0.8133849170117096,False,0.0,0,True,2025-08-07T17:47:54.226335
12__M_Right_little_finger,12,little,right,M,0.8407422874374991,False,0.0,0,True,2025-08-07T17:47:54.304983
12__M_Right_middle_finger,12,middle,right,M,0.8276104321475217,False,0.0,0,True,2025-08-07T17:47:54.386288
12__M_Right_ring_finger,12,ring,right,M,0.8503329724401094,False,0.0,0,True,2025-08-07T17:47:54.466112
12__M_Right_thumb_finger,12,thumb,right,M,0.9018930986933924,False,0.0,0,True,2025-08-07T17:47:54.553621
13__F_Left_index_finger,13,index,left,F,0.8026644330108865,False,0.0,0,True,2025-08-07T17:47:54.667346
13__F_Left_little_finger,13,little,left,F,0.7360705769080987,False,0.0,0,True,2025-08-07T17:47:54.802173
13__F_Left_middle_finger,13,middle,left,F,0.8286499363224187,False,0.0,0,True,2025-08-07T17:47:54.959774
13__F_Left_ring_finger,13,ring,left,F,0.8236975363974324,False,0.0,0,True,2025-08-07T17:47:55.069032
13__F_Left_thumb_finger,13,thumb,left,F,0.8477582286701628,False,0.0,0,True,2025-08-07T17:47:55.214697
13__F_Right_index_finger,13,index,right,F,0.8133002543967487,False,0.0,0,True,2025-08-07T17:47:55.535278
13__F_Right_little_finger,13,little,right,F,0.7616345981983642,False,0.0,0,True,2025-08-07T17:47:55.661630
13__F_Right_middle_finger,13,middle,right,F,0.8153617930645429,False,0.0,0,True,2025-08-07T17:47:55.768503
13__F_Right_ring_finger,13,ring,right,F,0.7542959601644728,False,0.0,0,True,2025-08-07T17:47:56.256116
13__F_Right_thumb_finger,13,thumb,right,F,0.8809307572965301,False,0.0,0,True,2025-08-07T17:47:56.418456
14__M_Left_index_finger,14,index,left,M,0.8321245747228305,False,0.0,0,True,2025-08-07T17:47:56.574875
14__M_Left_little_finger,14,little,left,M,0.7674534113221838,False,0.0,0,True,2025-08-07T17:47:56.674178
14__M_Left_middle_finger,14,middle,left,M,0.8366670158845324,False,0.0,0,True,2025-08-07T17:47:56.862408
14__M_Left_ring_finger,14,ring,left,M,0.8337756302889996,False,0.0,0,True,2025-08-07T17:47:56.971125
14__M_Left_thumb_finger,14,thumb,left,M,0.8660688039413271,False,0.0,0,True,2025-08-07T17:47:57.088619
14__M_Right_index_finger,14,index,right,M,0.8365325590576622,False,0.0,0,True,2025-08-07T17:47:57.204198
14__M_Right_little_finger,14,little,right,M,0.7429842500737165,False,0.0,0,True,2025-08-07T17:47:57.312419
14__M_Right_middle_finger,14,middle,right,M,0.8718558505566263,False,0.0,0,True,2025-08-07T17:47:57.414481
14__M_Right_ring_finger,14,ring,right,M,0.8015496694987398,False,0.0,0,True,2025-08-07T17:47:57.509098
14__M_Right_thumb_finger,14,thumb,right,M,0.8341570322154401,False,0.0,0,True,2025-08-07T17:47:57.596524
15__F_Left_index_finger,15,index,left,F,0.7472881025360658,False,0.0,0,True,2025-08-07T17:47:57.687500
15__F_Left_little_finger,15,little,left,F,0.6832852166726572,False,0.0,0,True,2025-08-07T17:47:57.786583
15__F_Left_middle_finger,15,middle,left,F,0.7492734718787568,False,0.0,0,True,2025-08-07T17:47:57.902108
15__F_Left_ring_finger,15,ring,left,F,0.7502262713742069,False,0.0,0,True,2025-08-07T17:47:58.025453
15__F_Left_thumb_finger,15,thumb,left,F,0.8046204361823712,False,0.0,0,True,2025-08-07T17:47:58.110984
15__F_Right_index_finger,15,index,right,F,0.855102779399969,False,0.0,0,True,2025-08-07T17:47:58.249151
15__F_Right_little_finger,15,little,right,F,0.7770728957316428,False,0.0,0,True,2025-08-07T17:47:58.357876
15__F_Right_middle_finger,15,middle,right,F,0.7793459609874624,False,0.0,0,True,2025-08-07T17:47:58.485638
15__F_Right_ring_finger,15,ring,right,F,0.8200489454590959,False,0.0,0,True,2025-08-07T17:47:58.572917
15__F_Right_thumb_finger,15,thumb,right,F,0.9267076635151776,False,0.0,0,True,2025-08-07T17:47:58.645905
16__M_Left_index_finger,16,index,left,M,0.7085245214020592,False,0.0,0,True,2025-08-07T17:47:58.725445
16__M_Left_little_finger,16,little,left,M,0.6591757905461286,False,0.0,0,True,2025-08-07T17:47:58.798497
16__M_Left_middle_finger,16,middle,left,M,0.6941926781829448,False,0.0,0,True,2025-08-07T17:47:58.898196
16__M_Left_ring_finger,16,ring,left,M,0.6684275054237634,False,0.0,0,True,2025-08-07T17:47:58.973567
16__M_Left_thumb_finger,16,thumb,left,M,0.7383305897878962,False,0.0,0,True,2025-08-07T17:47:59.088107
16__M_Right_index_finger,16,index,right,M,0.6947167016081377,False,0.0,0,True,2025-08-07T17:47:59.209721
16__M_Right_little_finger,16,little,right,M,0.6465782591066903,False,0.0,0,True,2025-08-07T17:47:59.281994
16__M_Right_middle_finger,16,middle,right,M,0.6336552711353214,False,0.0,0,True,2025-08-07T17:47:59.357148
16__M_Right_ring_finger,16,ring,right,M,0.5982675796755766,False,0.0,0,True,2025-08-07T17:47:59.431638
16__M_Right_thumb_finger,16,thumb,right,M,0.71966650676147,False,0.0,0,True,2025-08-07T17:47:59.576796
17__M_Left_index_finger,17,index,left,M,0.7679579954127117,False,0.0,0,True,2025-08-07T17:47:59.668483
17__M_Left_little_finger,17,little,left,M,0.7119559604094371,False,0.0,0,True,2025-08-07T17:47:59.762538
17__M_Left_middle_finger,17,middle,left,M,0.7731181864871515,False,0.0,0,True,2025-08-07T17:47:59.879229
17__M_Left_ring_finger,17,ring,left,M,0.679466229374911,False,0.0,0,True,2025-08-07T17:47:59.979179
17__M_Left_thumb_finger,17,thumb,left,M,0.8502575273094706,False,0.0,0,True,2025-08-07T17:48:00.133797
17__M_Right_index_finger,17,index,right,M,0.8071836642661977,False,0.0,0,True,2025-08-07T17:48:00.342660
17__M_Right_little_finger,17,little,right,M,0.7274428554428869,False,0.0,0,True,2025-08-07T17:48:00.432530
17__M_Right_middle_finger,17,middle,right,M,0.7666729962437113,False,0.0,0,True,2025-08-07T17:48:00.545245
17__M_Right_ring_finger,17,ring,right,M,0.7416555459733585,False,0.0,0,True,2025-08-07T17:48:00.660121
17__M_Right_thumb_finger,17,thumb,right,M,0.9205333916158943,False,0.0,0,True,2025-08-07T17:48:00.816379
18__M_Left_index_finger,18,index,left,M,0.860152552534103,False,0.0,0,True,2025-08-07T17:48:01.086598
18__M_Left_little_finger,18,little,left,M,0.8478572237412988,False,0.0,0,True,2025-08-07T17:48:01.222129
18__M_Left_middle_finger,18,middle,left,M,0.8701748180013831,False,0.0,0,True,2025-08-07T17:48:01.354261
18__M_Left_ring_finger,18,ring,left,M,0.8684213117364254,False,0.0,0,True,2025-08-07T17:48:01.468955
18__M_Left_thumb_finger,18,thumb,left,M,0.9325899202758896,False,0.0,0,True,2025-08-07T17:48:01.628946
18__M_Right_index_finger,18,index,right,M,0.8366441284417065,False,0.0,0,True,2025-08-07T17:48:01.742110
18__M_Right_little_finger,18,little,right,M,0.8040845371446206,False,0.0,0,True,2025-08-07T17:48:01.832307
18__M_Right_middle_finger,18,middle,right,M,0.9137134637470756,False,0.0,0,True,2025-08-07T17:48:01.930871
18__M_Right_ring_finger,18,ring,right,M,0.9028912584888115,False,0.0,0,True,2025-08-07T17:48:02.040866
18__M_Right_thumb_finger,18,thumb,right,M,0.9320778683664066,False,0.0,0,True,2025-08-07T17:48:02.149838
19__M_Left_index_finger,19,index,left,M,0.8768755518456048,False,0.0,0,True,2025-08-07T17:48:02.271634
19__M_Left_little_finger,19,little,left,M,0.8336500210199338,False,0.0,0,True,2025-08-07T17:48:02.405290
19__M_Left_middle_finger,19,middle,left,M,0.9099344567669811,False,0.0,0,True,2025-08-07T17:48:02.566805
19__M_Left_ring_finger,19,ring,left,M,0.8675835627643899,False,0.0,0,True,2025-08-07T17:48:02.674318
19__M_Left_thumb_finger,19,thumb,left,M,0.9275619498295076,False,0.0,0,True,2025-08-07T17:48:02.779686
19__M_Right_index_finger,19,index,right,M,0.8072257938948506,False,0.0,0,True,2025-08-07T17:48:02.892344
19__M_Right_little_finger,19,little,right,M,0.8160126226837068,False,0.0,0,True,2025-08-07T17:48:03.038677
19__M_Right_middle_finger,19,middle,right,M,0.8528494093748253,False,0.0,0,True,2025-08-07T17:48:03.181755
19__M_Right_ring_finger,19,ring,right,M,0.8471809924179088,False,0.0,0,True,2025-08-07T17:48:03.320036
19__M_Right_thumb_finger,19,thumb,right,M,0.9157859438771363,False,0.0,0,True,2025-08-07T17:48:03.437208
2__F_Left_index_finger,2,index,left,F,0.8686430135926761,False,0.0,0,True,2025-08-07T17:48:03.561746
2__F_Left_little_finger,2,little,left,F,0.7590381026677983,False,0.0,0,True,2025-08-07T17:48:03.648527
2__F_Left_middle_finger,2,middle,left,F,0.8239846313395491,False,0.0,0,True,2025-08-07T17:48:03.751035
2__F_Left_ring_finger,2,ring,left,F,0.781134269898295,False,0.0,0,True,2025-08-07T17:48:03.829920
2__F_Left_thumb_finger,2,thumb,left,F,0.8573397567103298,False,0.0,0,True,2025-08-07T17:48:03.915469
2__F_Right_index_finger,2,index,right,F,0.8133209598649604,False,0.0,0,True,2025-08-07T17:48:04.020522
2__F_Right_little_finger,2,little,right,F,0.758275678651996,False,0.0,0,True,2025-08-07T17:48:04.105531
2__F_Right_middle_finger,2,middle,right,F,0.7707419672476117,False,0.0,0,True,2025-08-07T17:48:04.188572
2__F_Right_ring_finger,2,ring,right,F,0.8212734545320646,False,0.0,0,True,2025-08-07T17:48:04.285237
2__F_Right_thumb_finger,2,thumb,right,F,0.8675315545731996,False,0.0,0,True,2025-08-07T17:48:04.390727
20__M_Left_index_finger,20,index,left,M,0.8610414266161635,False,0.0,0,True,2025-08-07T17:48:04.486620
20__M_Left_little_finger,20,little,left,M,0.770375551615742,False,0.0,0,True,2025-08-07T17:48:04.569327
20__M_Left_middle_finger,20,middle,left,M,0.857005624468508,False,0.0,0,True,2025-08-07T17:48:04.676729
20__M_Left_ring_finger,20,ring,left,M,0.827870398769208,False,0.0,0,True,2025-08-07T17:48:04.763183
20__M_Left_thumb_finger,20,thumb,left,M,0.8763393150595915,False,0.0,0,True,2025-08-07T17:48:04.853865
20__M_Right_index_finger,20,index,right,M,0.8611612489900575,False,0.0,0,True,2025-08-07T17:48:04.941572
20__M_Right_little_finger,20,little,right,M,0.7713734673835648,False,0.0,0,True,2025-08-07T17:48:05.039929
20__M_Right_middle_finger,20,middle,right,M,0.8419091967512291,False,0.0,0,True,2025-08-07T17:48:05.133219
20__M_Right_ring_finger,20,ring,right,M,0.821524548781766,False,0.0,0,True,2025-08-07T17:48:05.211428
20__M_Right_thumb_finger,20,thumb,right,M,0.8564557984840784,False,0.0,0,True,2025-08-07T17:48:05.302874
21__M_Left_index_finger,21,index,left,M,0.8707440769454386,False,0.0,0,True,2025-08-07T17:48:05.402054
21__M_Left_little_finger,21,little,left,M,0.790607172730637,False,0.0,0,True,2025-08-07T17:48:05.575970
21__M_Left_middle_finger,21,middle,left,M,0.8643511325395574,False,0.0,0,True,2025-08-07T17:48:05.746695
21__M_Left_ring_finger,21,ring,left,M,0.7963140805436466,False,0.0,0,True,2025-08-07T17:48:05.865496
21__M_Left_thumb_finger,21,thumb,left,M,0.8861654001020656,False,0.0,0,True,2025-08-07T17:48:05.976938
21__M_Right_index_finger,21,index,right,M,0.8975018730574225,False,0.0,0,True,2025-08-07T17:48:06.068379
21__M_Right_little_finger,21,little,right,M,0.7547912565979151,False,0.0,0,True,2025-08-07T17:48:06.156675
21__M_Right_middle_finger,21,middle,right,M,0.8858704433423713,False,0.0,0,True,2025-08-07T17:48:06.247435
21__M_Right_ring_finger,21,ring,right,M,0.7905206199581551,False,0.0,0,True,2025-08-07T17:48:06.323700
21__M_Right_thumb_finger,21,thumb,right,M,0.8711266616898743,False,0.0,0,True,2025-08-07T17:48:06.434512
22__M_Left_index_finger,22,index,left,M,0.7821432081796391,False,0.0,0,True,2025-08-07T17:48:06.552100
22__M_Left_little_finger,22,little,left,M,0.7731269559242888,False,0.0,0,True,2025-08-07T17:48:06.626575
22__M_Left_middle_finger,22,middle,left,M,0.7702738612599215,False,0.0,0,True,2025-08-07T17:48:06.710878
22__M_Left_ring_finger,22,ring,left,M,0.7634972849762955,False,0.0,0,True,2025-08-07T17:48:06.782966
22__M_Left_thumb_finger,22,thumb,left,M,0.761505107646508,False,0.0,0,True,2025-08-07T17:48:06.863701
22__M_Right_index_finger,22,index,right,M,0.8278803074886498,False,0.0,0,True,2025-08-07T17:48:06.951478
22__M_Right_little_finger,22,little,right,M,0.7569336921308176,False,0.0,0,True,2025-08-07T17:48:07.065752
22__M_Right_middle_finger,22,middle,right,M,0.8242863544518289,False,0.0,0,True,2025-08-07T17:48:07.169538
22__M_Right_ring_finger,22,ring,right,M,0.6604600758988004,False,0.0,0,True,2025-08-07T17:48:07.300622
22__M_Right_thumb_finger,22,thumb,right,M,0.8128580203143756,False,0.0,0,True,2025-08-07T17:48:07.425980
23__M_Left_index_finger,23,index,left,M,0.6766766101880909,False,0.0,0,True,2025-08-07T17:48:07.494835
23__M_Left_little_finger,23,little,left,M,0.6402022900056178,False,0.0,0,True,2025-08-07T17:48:07.585816
23__M_Left_middle_finger,23,middle,left,M,0.6613069323110621,False,0.0,0,True,2025-08-07T17:48:07.693455
23__M_Left_ring_finger,23,ring,left,M,0.6497481999404535,False,0.0,0,True,2025-08-07T17:48:07.762455
23__M_Left_thumb_finger,23,thumb,left,M,0.6874425529036314,False,0.0,0,True,2025-08-07T17:48:07.846447
23__M_Right_index_finger,23,index,right,M,0.7122469805771474,False,0.0,0,True,2025-08-07T17:48:07.915404
23__M_Right_little_finger,23,little,right,M,0.669173184190973,False,0.0,0,True,2025-08-07T17:48:08.005793
23__M_Right_middle_finger,23,middle,right,M,0.6603787912441919,False,0.0,0,True,2025-08-07T17:48:08.071349
23__M_Right_ring_finger,23,ring,right,M,0.6686767790585434,False,0.0,0,True,2025-08-07T17:48:08.145674
23__M_Right_thumb_finger,23,thumb,right,M,0.7286027049401291,False,0.0,0,True,2025-08-07T17:48:08.249834
24__F_Left_index_finger,24,index,left,F,0.729916037623379,False,0.0,0,True,2025-08-07T17:48:08.361062
24__F_Left_little_finger,24,little,left,F,0.6965853991041554,False,0.0,0,True,2025-08-07T17:48:08.425780
24__F_Left_middle_finger,24,middle,left,F,0.7231226536669096,False,0.0,0,True,2025-08-07T17:48:08.506805
24__F_Left_ring_finger,24,ring,left,F,0.7124244133222607,False,0.0,0,True,2025-08-07T17:48:08.576393
24__F_Left_thumb_finger,24,thumb,left,F,0.8216629118749712,False,0.0,0,True,2025-08-07T17:48:08.680844
24__F_Right_index_finger,24,index,right,F,0.7124229464822356,False,0.0,0,True,2025-08-07T17:48:08.795299
24__F_Right_little_finger,24,little,right,F,0.7142349007783444,False,0.0,0,True,2025-08-07T17:48:08.879313
24__F_Right_middle_finger,24,middle,right,F,0.7807838419055215,False,0.0,0,True,2025-08-07T17:48:08.962970
24__F_Right_ring_finger,24,ring,right,F,0.7279627493303473,False,0.0,0,True,2025-08-07T17:48:09.070608
24__F_Right_thumb_finger,24,thumb,right,F,0.8451672243471164,False,0.0,0,True,2025-08-07T17:48:09.150924
25__F_Left_index_finger,25,index,left,F,0.8008385265886362,False,0.0,0,True,2025-08-07T17:48:09.235613
25__F_Left_little_finger,25,little,left,F,0.833310222815431,False,0.0,0,True,2025-08-07T17:48:09.312646
25__F_Left_middle_finger,25,middle,left,F,0.7691388330927023,False,0.0,0,True,2025-08-07T17:48:09.438033
25__F_Left_ring_finger,25,ring,left,F,0.7894601640734489,False,0.0,0,True,2025-08-07T17:48:09.508192
25__F_Left_thumb_finger,25,thumb,left,F,0.8677729735244049,False,0.0,0,True,2025-08-07T17:48:09.584374
25__F_Right_index_finger,25,index,right,F,0.7959812239087933,False,0.0,0,True,2025-08-07T17:48:09.661784
25__F_Right_little_finger,25,little,right,F,0.7649939714203093,False,0.0,0,True,2025-08-07T17:48:09.745581
25__F_Right_middle_finger,25,middle,right,F,0.7438684644467625,False,0.0,0,True,2025-08-07T17:48:09.824874
25__F_Right_ring_finger,25,ring,right,F,0.6986579978448366,False,0.0,0,True,2025-08-07T17:48:09.950504
25__F_Right_thumb_finger,25,thumb,right,F,0.8521354859249547,False,0.0,0,True,2025-08-07T17:48:10.025482
26__M_Left_index_finger,26,index,left,M,0.9792730745039758,False,0.0,0,True,2025-08-07T17:48:10.150463
26__M_Left_little_finger,26,little,left,M,0.8512700741139625,False,0.0,0,True,2025-08-07T17:48:10.243583
26__M_Left_middle_finger,26,middle,left,M,0.8160349654545733,False,0.0,0,True,2025-08-07T17:48:10.341546
26__M_Left_ring_finger,26,ring,left,M,0.8439015335175006,False,0.0,0,True,2025-08-07T17:48:10.424124
26__M_Left_thumb_finger,26,thumb,left,M,0.9762738598474445,False,0.0,0,True,2025-08-07T17:48:10.607325
26__M_Right_index_finger,26,index,right,M,0.859073013379215,False,0.0,0,True,2025-08-07T17:48:10.722921
26__M_Right_little_finger,26,little,right,M,0.7197814171466563,False,0.0,0,True,2025-08-07T17:48:10.825480
26__M_Right_middle_finger,26,middle,right,M,0.9233559606296,False,0.0,0,True,2025-08-07T17:48:10.915726
26__M_Right_ring_finger,26,ring,right,M,0.8691988749025303,False,0.0,0,True,2025-08-07T17:48:11.019240
26__M_Right_thumb_finger,26,thumb,right,M,0.9068945890252171,False,0.0,0,True,2025-08-07T17:48:11.101729
27__M_Left_index_finger,27,index,left,M,0.7829839330701023,False,0.0,0,True,2025-08-07T17:48:11.171052
27__M_Left_little_finger,27,little,left,M,0.8020750828981518,False,0.0,0,True,2025-08-07T17:48:11.252388
27__M_Left_middle_finger,27,middle,left,M,0.7482346840616255,False,0.0,0,True,2025-08-07T17:48:11.348920
27__M_Left_ring_finger,27,ring,left,M,0.7775129678962713,False,0.0,0,True,2025-08-07T17:48:11.427285
27__M_Left_thumb_finger,27,thumb,left,M,0.7552835038650828,False,0.0,0,True,2025-08-07T17:48:11.511011
27__M_Right_index_finger,27,index,right,M,0.7362768699497093,False,0.0,0,True,2025-08-07T17:48:11.628249
27__M_Right_little_finger,27,little,right,M,0.7382336761639364,False,0.0,0,True,2025-08-07T17:48:11.713973
27__M_Right_middle_finger,27,middle,right,M,0.7463243318951172,False,0.0,0,True,2025-08-07T17:48:11.799195
27__M_Right_ring_finger,27,ring,right,M,0.6767967760738262,False,0.0,0,True,2025-08-07T17:48:11.901855
27__M_Right_thumb_finger,27,thumb,right,M,0.7244516526074898,False,0.0,0,True,2025-08-07T17:48:11.991550
28__M_Left_index_finger,28,index,left,M,0.8859591631338615,False,0.0,0,True,2025-08-07T17:48:12.075130
28__M_Left_little_finger,28,little,left,M,0.7361718234121287,False,0.0,0,True,2025-08-07T17:48:12.152968
28__M_Left_middle_finger,28,middle,left,M,0.8619956119170187,False,0.0,0,True,2025-08-07T17:48:12.240646
28__M_Left_ring_finger,28,ring,left,M,0.8243972888356977,False,0.0,0,True,2025-08-07T17:48:12.323943
28__M_Left_thumb_finger,28,thumb,left,M,0.9174348332860895,False,0.0,0,True,2025-08-07T17:48:12.403303
28__M_Right_index_finger,28,index,right,M,0.8491782159266333,False,0.0,0,True,2025-08-07T17:48:12.484508
28__M_Right_little_finger,28,little,right,M,0.8143966873549415,False,0.0,0,True,2025-08-07T17:48:12.553872
28__M_Right_middle_finger,28,middle,right,M,0.8024805846926097,False,0.0,0,True,2025-08-07T17:48:12.639860
28__M_Right_ring_finger,28,ring,right,M,0.8672457078131315,False,0.0,0,True,2025-08-07T17:48:12.720388
28__M_Right_thumb_finger,28,thumb,right,M,0.9268742115105305,False,0.0,0,True,2025-08-07T17:48:12.822390
29__F_Left_index_finger,29,index,left,F,0.7160497118593745,False,0.0,0,True,2025-08-07T17:48:12.891160
29__F_Left_little_finger,29,little,left,F,0.7590068122308296,False,0.0,0,True,2025-08-07T17:48:12.972271
29__F_Left_middle_finger,29,middle,left,F,0.7795150372608153,False,0.0,0,True,2025-08-07T17:48:13.080850
29__F_Left_ring_finger,29,ring,left,F,0.814771917963146,False,0.0,0,True,2025-08-07T17:48:13.151269
29__F_Left_thumb_finger,29,thumb,left,F,0.8011468343947153,False,0.0,0,True,2025-08-07T17:48:13.230184
29__F_Right_index_finger,29,index,right,F,0.7958627707251964,False,0.0,0,True,2025-08-07T17:48:13.303534
29__F_Right_little_finger,29,little,right,F,0.7651826649570923,False,0.0,0,True,2025-08-07T17:48:13.375914
29__F_Right_middle_finger,29,middle,right,F,0.7487857056102589,False,0.0,0,True,2025-08-07T17:48:13.452116
29__F_Right_ring_finger,29,ring,right,F,0.7996497578780899,False,0.0,0,True,2025-08-07T17:48:13.519216
29__F_Right_thumb_finger,29,thumb,right,F,0.8238547427116796,False,0.0,0,True,2025-08-07T17:48:13.594003
3__M_Left_index_finger,3,index,left,M,0.7141506117681232,False,0.0,0,True,2025-08-07T17:48:13.666040
3__M_Left_little_finger,3,little,left,M,0.7769764493464959,False,0.0,0,True,2025-08-07T17:48:13.751194
3__M_Left_middle_finger,3,middle,left,M,0.7890596297132932,False,0.0,0,True,2025-08-07T17:48:13.839778
3__M_Left_ring_finger,3,ring,left,M,0.7566640308414277,False,0.0,0,True,2025-08-07T17:48:13.917859
3__M_Left_thumb_finger,3,thumb,left,M,0.8135125627719815,False,0.0,0,True,2025-08-07T17:48:14.020686
3__M_Right_index_finger,3,index,right,M,0.771067720318012,False,0.0,0,True,2025-08-07T17:48:14.390235
3__M_Right_little_finger,3,little,right,M,0.7329347252788472,False,0.0,0,True,2025-08-07T17:48:14.486011
3__M_Right_middle_finger,3,middle,right,M,0.8355320734601159,False,0.0,0,True,2025-08-07T17:48:14.599634
3__M_Right_ring_finger,3,ring,right,M,0.7621868143921514,False,0.0,0,True,2025-08-07T17:48:14.698221
3__M_Right_thumb_finger,3,thumb,right,M,0.8450771430689701,False,0.0,0,True,2025-08-07T17:48:14.871123
30__F_Left_index_finger,30,index,left,F,0.7666892286061053,False,0.0,0,True,2025-08-07T17:48:14.950810
30__F_Left_little_finger,30,little,left,F,0.7183734446434151,False,0.0,0,True,2025-08-07T17:48:15.053529
30__F_Left_middle_finger,30,middle,left,F,0.7787571127454898,False,0.0,0,True,2025-08-07T17:48:15.197084
30__F_Left_ring_finger,30,ring,left,F,0.7293879744946284,False,0.0,0,True,2025-08-07T17:48:15.276398
30__F_Left_thumb_finger,30,thumb,left,F,0.825876942096517,False,0.0,0,True,2025-08-07T17:48:15.384931
30__F_Right_index_finger,30,index,right,F,0.7019083409496257,False,0.0,0,True,2025-08-07T17:48:15.522947
30__F_Right_little_finger,30,little,right,F,0.6744844861969774,False,0.0,0,True,2025-08-07T17:48:15.632974
30__F_Right_middle_finger,30,middle,right,F,0.7909934960872617,False,0.0,0,True,2025-08-07T17:48:15.734339
30__F_Right_ring_finger,30,ring,right,F,0.7022639438075824,False,0.0,0,True,2025-08-07T17:48:15.845327
30__F_Right_thumb_finger,30,thumb,right,F,0.7145819769998377,False,0.0,0,True,2025-08-07T17:48:15.968756
31__F_Left_index_finger,31,index,left,F,0.7420948617847916,False,0.0,0,True,2025-08-07T17:48:16.070209
31__F_Left_little_finger,31,little,left,F,0.6810182384553084,False,0.0,0,True,2025-08-07T17:48:16.168285
31__F_Left_middle_finger,31,middle,left,F,0.7534302808362943,False,0.0,0,True,2025-08-07T17:48:16.254606
31__F_Left_ring_finger,31,ring,left,F,0.7122127356372357,False,0.0,0,True,2025-08-07T17:48:16.317014
31__F_Left_thumb_finger,31,thumb,left,F,0.76280691285324,False,0.0,0,True,2025-08-07T17:48:16.416936
31__F_Right_index_finger,31,index,right,F,0.721336871911868,False,0.0,0,True,2025-08-07T17:48:16.502045
31__F_Right_little_finger,31,little,right,F,0.68720996194591,False,0.0,0,True,2025-08-07T17:48:16.619599
31__F_Right_middle_finger,31,middle,right,F,0.7395290781134303,False,0.0,0,True,2025-08-07T17:48:16.704621
31__F_Right_ring_finger,31,ring,right,F,0.6065249065619847,False,0.0,0,True,2025-08-07T17:48:16.833784
31__F_Right_thumb_finger,31,thumb,right,F,0.7668978121467129,False,0.0,0,True,2025-08-07T17:48:16.928811
32__M_Left_index_finger,32,index,left,M,0.8088565787707593,False,0.0,0,True,2025-08-07T17:48:17.020713
32__M_Left_little_finger,32,little,left,M,0.7315989061992199,False,0.0,0,True,2025-08-07T17:48:17.116153
32__M_Left_middle_finger,32,middle,left,M,0.7941291856217804,False,0.0,0,True,2025-08-07T17:48:17.226693
32__M_Left_ring_finger,32,ring,left,M,0.7204051592989796,False,0.0,0,True,2025-08-07T17:48:17.295856
32__M_Left_thumb_finger,32,thumb,left,M,0.8891865260204601,False,0.0,0,True,2025-08-07T17:48:17.396543
32__M_Right_index_finger,32,index,right,M,0.8465191346787071,False,0.0,0,True,2025-08-07T17:48:17.485732
32__M_Right_little_finger,32,little,right,M,0.7008979498895445,False,0.0,0,True,2025-08-07T17:48:17.554580
32__M_Right_middle_finger,32,middle,right,M,0.8298346234374174,False,0.0,0,True,2025-08-07T17:48:17.645640
32__M_Right_ring_finger,32,ring,right,M,0.7148928069147928,False,0.0,0,True,2025-08-07T17:48:17.746629
32__M_Right_thumb_finger,32,thumb,right,M,0.9156305983092574,False,0.0,0,True,2025-08-07T17:48:17.861311
33__M_Left_index_finger,33,index,left,M,0.7861854686536928,False,0.0,0,True,2025-08-07T17:48:17.947978
33__M_Left_little_finger,33,little,left,M,0.7158307677256284,False,0.0,0,True,2025-08-07T17:48:18.021716
33__M_Left_middle_finger,33,middle,left,M,0.8305548094681112,False,0.0,0,True,2025-08-07T17:48:18.208985
33__M_Left_ring_finger,33,ring,left,M,0.7528118610308656,False,0.0,0,True,2025-08-07T17:48:18.274782
33__M_Left_thumb_finger,33,thumb,left,M,0.9245856172408398,False,0.0,0,True,2025-08-07T17:48:18.380780
33__M_Right_index_finger,33,index,right,M,0.8497672929343889,False,0.0,0,True,2025-08-07T17:48:18.469753
33__M_Right_little_finger,33,little,right,M,0.7164928066644523,False,0.0,0,True,2025-08-07T17:48:18.587252
33__M_Right_middle_finger,33,middle,right,M,0.8572014700118429,False,0.0,0,True,2025-08-07T17:48:18.663856
33__M_Right_ring_finger,33,ring,right,M,0.7359692699491917,False,0.0,0,True,2025-08-07T17:48:18.779609
33__M_Right_thumb_finger,33,thumb,right,M,0.9426366041385716,False,0.0,0,True,2025-08-07T17:48:18.861701
34__M_Left_index_finger,34,index,left,M,0.7820944924629865,False,0.0,0,True,2025-08-07T17:48:18.943416
34__M_Left_little_finger,34,little,left,M,0.763751497780286,False,0.0,0,True,2025-08-07T17:48:19.015223
34__M_Left_middle_finger,34,middle,left,M,0.796274127655687,False,0.0,0,True,2025-08-07T17:48:19.097145
34__M_Left_ring_finger,34,ring,left,M,0.7874699965650469,False,0.0,0,True,2025-08-07T17:48:19.169928
34__M_Left_thumb_finger,34,thumb,left,M,0.8755237586413303,False,0.0,0,True,2025-08-07T17:48:19.368116
34__M_Right_index_finger,34,index,right,M,0.762942679455943,False,0.0,0,True,2025-08-07T17:48:19.462880
34__M_Right_little_finger,34,little,right,M,0.7493000196543849,False,0.0,0,True,2025-08-07T17:48:19.587235
34__M_Right_middle_finger,34,middle,right,M,0.8150596949567046,False,0.0,0,True,2025-08-07T17:48:19.691514
34__M_Right_ring_finger,34,ring,right,M,0.7944928098308124,False,0.0,0,True,2025-08-07T17:48:19.786311
34__M_Right_thumb_finger,34,thumb,right,M,0.9609017556262109,False,0.0,0,True,2025-08-07T17:48:19.868106
35__M_Left_index_finger,35,index,left,M,0.7720146718050793,False,0.0,0,True,2025-08-07T17:48:19.941182
35__M_Left_little_finger,35,little,left,M,0.727718282355798,False,0.0,0,True,2025-08-07T17:48:20.009073
35__M_Left_middle_finger,35,middle,left,M,0.7681366568925929,False,0.0,0,True,2025-08-07T17:48:20.100310
35__M_Left_ring_finger,35,ring,left,M,0.7345090232245405,False,0.0,0,True,2025-08-07T17:48:20.168689
35__M_Left_thumb_finger,35,thumb,left,M,0.8582295985239929,False,0.0,0,True,2025-08-07T17:48:20.275999
35__M_Right_index_finger,35,index,right,M,0.7448151731311248,False,0.0,0,True,2025-08-07T17:48:20.392378
35__M_Right_little_finger,35,little,right,M,0.7751726424928984,False,0.0,0,True,2025-08-07T17:48:20.478029
35__M_Right_middle_finger,35,middle,right,M,0.7930947439315414,False,0.0,0,True,2025-08-07T17:48:20.546043
35__M_Right_ring_finger,35,ring,right,M,0.7697694433725519,False,0.0,0,True,2025-08-07T17:48:20.614895
35__M_Right_thumb_finger,35,thumb,right,M,0.6830901760365143,False,0.0,0,True,2025-08-07T17:48:20.760692
36__M_Left_index_finger,36,index,left,M,0.8775436150543221,False,0.0,0,True,2025-08-07T17:48:20.850944
36__M_Left_little_finger,36,little,left,M,0.8467591610983485,False,0.0,0,True,2025-08-07T17:48:20.932356
36__M_Left_middle_finger,36,middle,left,M,0.8336607719517151,False,0.0,0,True,2025-08-07T17:48:21.048592
36__M_Left_ring_finger,36,ring,left,M,0.8761944694899555,False,0.0,0,True,2025-08-07T17:48:21.138901
36__M_Left_thumb_finger,36,thumb,left,M,0.9547142935213602,False,0.0,0,True,2025-08-07T17:48:21.231566
36__M_Right_index_finger,36,index,right,M,0.8069913088638089,False,0.0,0,True,2025-08-07T17:48:21.334247
36__M_Right_little_finger,36,little,right,M,0.8023639300012233,False,0.0,0,True,2025-08-07T17:48:21.416904
36__M_Right_middle_finger,36,middle,right,M,0.8503176271829701,False,0.0,0,True,2025-08-07T17:48:21.505195
36__M_Right_ring_finger,36,ring,right,M,0.8109659976905308,False,0.0,0,True,2025-08-07T17:48:21.583417
36__M_Right_thumb_finger,36,thumb,right,M,0.8672823538617054,False,0.0,0,True,2025-08-07T17:48:21.667760
37__M_Left_index_finger,37,index,left,M,0.8511607213603694,False,0.0,0,True,2025-08-07T17:48:21.771654
37__M_Left_little_finger,37,little,left,M,0.8626265658521217,False,0.0,0,True,2025-08-07T17:48:21.848827
37__M_Left_middle_finger,37,middle,left,M,0.8708641762100002,False,0.0,0,True,2025-08-07T17:48:21.945259
37__M_Left_ring_finger,37,ring,left,M,0.8258659422197983,False,0.0,0,True,2025-08-07T17:48:22.023950
37__M_Left_thumb_finger,37,thumb,left,M,0.886479513804568,False,0.0,0,True,2025-08-07T17:48:22.121279
37__M_Right_index_finger,37,index,right,M,0.8430787795269249,False,0.0,0,True,2025-08-07T17:48:22.211047
37__M_Right_little_finger,37,little,right,M,0.7517870090808122,False,0.0,0,True,2025-08-07T17:48:22.289835
37__M_Right_middle_finger,37,middle,right,M,0.8411171248758518,False,0.0,0,True,2025-08-07T17:48:22.388336
37__M_Right_ring_finger,37,ring,right,M,0.8672290688901843,False,0.0,0,True,2025-08-07T17:48:22.476819
37__M_Right_thumb_finger,37,thumb,right,M,0.9179603532804921,False,0.0,0,True,2025-08-07T17:48:22.569059
38__M_Left_index_finger,38,index,left,M,0.7968700121833849,False,0.0,0,True,2025-08-07T17:48:22.644281
38__M_Left_little_finger,38,little,left,M,0.6958132956538889,False,0.0,0,True,2025-08-07T17:48:22.720157
38__M_Left_middle_finger,38,middle,left,M,0.7635782964672444,False,0.0,0,True,2025-08-07T17:48:22.815781
38__M_Left_ring_finger,38,ring,left,M,0.72648260911757,False,0.0,0,True,2025-08-07T17:48:22.888697
38__M_Left_thumb_finger,38,thumb,left,M,0.8593684646844671,False,0.0,0,True,2025-08-07T17:48:22.969144
38__M_Right_index_finger,38,index,right,M,0.7722280442217655,False,0.0,0,True,2025-08-07T17:48:23.042630
38__M_Right_little_finger,38,little,right,M,0.7315220077110782,False,0.0,0,True,2025-08-07T17:48:23.113695
38__M_Right_middle_finger,38,middle,right,M,0.7658959306597188,False,0.0,0,True,2025-08-07T17:48:23.211774
38__M_Right_ring_finger,38,ring,right,M,0.7330707023400513,False,0.0,0,True,2025-08-07T17:48:23.284204
38__M_Right_thumb_finger,38,thumb,right,M,0.820768588295786,False,0.0,0,True,2025-08-07T17:48:23.359391
39__M_Left_index_finger,39,index,left,M,0.8278962983075311,False,0.0,0,True,2025-08-07T17:48:23.444818
39__M_Left_little_finger,39,little,left,M,0.8099799645599992,False,0.0,0,True,2025-08-07T17:48:23.530599
39__M_Left_middle_finger,39,middle,left,M,0.8768738181260016,False,0.0,0,True,2025-08-07T17:48:23.629748
39__M_Left_ring_finger,39,ring,left,M,0.8441980269365424,False,0.0,0,True,2025-08-07T17:48:23.702311
39__M_Left_thumb_finger,39,thumb,left,M,0.9234204782600809,False,0.0,0,True,2025-08-07T17:48:23.773706
39__M_Right_index_finger,39,index,right,M,0.9158994596824361,False,0.0,0,True,2025-08-07T17:48:23.868579
39__M_Right_little_finger,39,little,right,M,0.8615612131131023,False,0.0,0,True,2025-08-07T17:48:23.965588
39__M_Right_middle_finger,39,middle,right,M,0.8192897324294683,False,0.0,0,True,2025-08-07T17:48:24.063351
39__M_Right_ring_finger,39,ring,right,M,0.8167661250790863,False,0.0,0,True,2025-08-07T17:48:24.135352
39__M_Right_thumb_finger,39,thumb,right,M,0.9063956038173959,False,0.0,0,True,2025-08-07T17:48:24.216273
4__M_Left_index_finger,4,index,left,M,0.8557100933442576,False,0.0,0,True,2025-08-07T17:48:24.395475
4__M_Left_little_finger,4,little,left,M,0.7664342258821362,False,0.0,0,True,2025-08-07T17:48:24.491850
4__M_Left_middle_finger,4,middle,left,M,0.836605902475561,False,0.0,0,True,2025-08-07T17:48:24.574298
4__M_Left_ring_finger,4,ring,left,M,0.8407991478084595,False,0.0,0,True,2025-08-07T17:48:24.698335
4__M_Left_thumb_finger,4,thumb,left,M,0.8338678191772371,False,0.0,0,True,2025-08-07T17:48:24.790485
4__M_Right_index_finger,4,index,right,M,0.8380754138003385,False,0.0,0,True,2025-08-07T17:48:24.875865
4__M_Right_little_finger,4,little,right,M,0.8357862023833738,False,0.0,0,True,2025-08-07T17:48:24.993241
4__M_Right_middle_finger,4,middle,right,M,0.8758508785010842,False,0.0,0,True,2025-08-07T17:48:25.070573
4__M_Right_ring_finger,4,ring,right,M,0.840456411988885,False,0.0,0,True,2025-08-07T17:48:25.138956
4__M_Right_thumb_finger,4,thumb,right,M,0.9224185591958652,False,0.0,0,True,2025-08-07T17:48:25.254260
40__F_Left_index_finger,40,index,left,F,0.8366434202125497,False,0.0,0,True,2025-08-07T17:48:25.372597
40__F_Left_little_finger,40,little,left,F,0.7115586889510352,False,0.0,0,True,2025-08-07T17:48:25.505873
40__F_Left_middle_finger,40,middle,left,F,0.8257855861699019,False,0.0,0,True,2025-08-07T17:48:25.643603
40__F_Left_ring_finger,40,ring,left,F,0.7154122471198859,False,0.0,0,True,2025-08-07T17:48:25.729177
40__F_Left_thumb_finger,40,thumb,left,F,0.8559400002176586,False,0.0,0,True,2025-08-07T17:48:25.805570
40__F_Right_index_finger,40,index,right,F,0.8383744697157597,False,0.0,0,True,2025-08-07T17:48:25.871817
40__F_Right_little_finger,40,little,right,F,0.7283479579282289,False,0.0,0,True,2025-08-07T17:48:25.963678
40__F_Right_middle_finger,40,middle,right,F,0.8009087264571884,False,0.0,0,True,2025-08-07T17:48:26.037520
40__F_Right_ring_finger,40,ring,right,F,0.772276872592241,False,0.0,0,True,2025-08-07T17:48:26.112926
40__F_Right_thumb_finger,40,thumb,right,F,0.856481010437806,False,0.0,0,True,2025-08-07T17:48:26.186820
41__M_Left_index_finger,41,index,left,M,0.7232694256305966,False,0.0,0,True,2025-08-07T17:48:26.268646
41__M_Left_little_finger,41,little,left,M,0.7451956487310422,False,0.0,0,True,2025-08-07T17:48:26.344482
41__M_Left_middle_finger,41,middle,left,M,0.7175587339184065,False,0.0,0,True,2025-08-07T17:48:26.411643
41__M_Left_ring_finger,41,ring,left,M,0.7367539231595083,False,0.0,0,True,2025-08-07T17:48:26.484153
41__M_Left_thumb_finger,41,thumb,left,M,0.768674333777202,False,0.0,0,True,2025-08-07T17:48:26.581154
41__M_Right_index_finger,41,index,right,M,0.8371199535515377,False,0.0,0,True,2025-08-07T17:48:26.656280
41__M_Right_little_finger,41,little,right,M,0.7662118478027018,False,0.0,0,True,2025-08-07T17:48:26.738394
41__M_Right_middle_finger,41,middle,right,M,0.8141933379817228,False,0.0,0,True,2025-08-07T17:48:26.833286
41__M_Right_ring_finger,41,ring,right,M,0.7796032260827221,False,0.0,0,True,2025-08-07T17:48:26.916911
41__M_Right_thumb_finger,41,thumb,right,M,0.864734743288246,False,0.0,0,True,2025-08-07T17:48:26.990384
42__F_Left_index_finger,42,index,left,F,0.7545468639633877,False,0.0,0,True,2025-08-07T17:48:27.059168
42__F_Left_little_finger,42,little,left,F,0.6934480744440454,False,0.0,0,True,2025-08-07T17:48:27.147866
42__F_Left_middle_finger,42,middle,left,F,0.7778395629990967,False,0.0,0,True,2025-08-07T17:48:27.232999
42__F_Left_ring_finger,42,ring,left,F,0.7042897995090139,False,0.0,0,True,2025-08-07T17:48:27.305957
42__F_Left_thumb_finger,42,thumb,left,F,0.7721333737100649,False,0.0,0,True,2025-08-07T17:48:27.400880
42__F_Right_index_finger,42,index,right,F,0.7209988586966443,False,0.0,0,True,2025-08-07T17:48:27.499894
42__F_Right_little_finger,42,little,right,F,0.6722793084896549,False,0.0,0,True,2025-08-07T17:48:27.603225
42__F_Right_middle_finger,42,middle,right,F,0.6859434946274126,False,0.0,0,True,2025-08-07T17:48:27.690808
42__F_Right_ring_finger,42,ring,right,F,0.6565906275011129,False,0.0,0,True,2025-08-07T17:48:27.780848
42__F_Right_thumb_finger,42,thumb,right,F,0.8235056082847376,False,0.0,0,True,2025-08-07T17:48:27.877291
43__F_Left_index_finger,43,index,left,F,0.7901216765761583,False,0.0,0,True,2025-08-07T17:48:27.941290
43__F_Left_little_finger,43,little,left,F,0.656954189967974,False,0.0,0,True,2025-08-07T17:48:28.003220
43__F_Left_middle_finger,43,middle,left,F,0.6914091652956503,False,0.0,0,True,2025-08-07T17:48:28.105502
43__F_Left_ring_finger,43,ring,left,F,0.6759530620352219,False,0.0,0,True,2025-08-07T17:48:28.171742
43__F_Left_thumb_finger,43,thumb,left,F,0.7671066555097266,False,0.0,0,True,2025-08-07T17:48:28.251403
43__F_Right_index_finger,43,index,right,F,0.8183175826584184,False,0.0,0,True,2025-08-07T17:48:28.330345
43__F_Right_little_finger,43,little,right,F,0.7315661538477112,False,0.0,0,True,2025-08-07T17:48:28.392047
43__F_Right_middle_finger,43,middle,right,F,0.8557196347928238,False,0.0,0,True,2025-08-07T17:48:28.459632
43__F_Right_ring_finger,43,ring,right,F,0.7261557133224388,False,0.0,0,True,2025-08-07T17:48:28.523822
43__F_Right_thumb_finger,43,thumb,right,F,0.7864379294012283,False,0.0,0,True,2025-08-07T17:48:28.610389
44__M_Left_index_finger,44,index,left,M,0.7767935660600271,False,0.0,0,True,2025-08-07T17:48:28.717944
44__M_Left_little_finger,44,little,left,M,0.8431276782471586,False,0.0,0,True,2025-08-07T17:48:28.796108
44__M_Left_middle_finger,44,middle,left,M,0.890259407898846,False,0.0,0,True,2025-08-07T17:48:29.054028
44__M_Left_ring_finger,44,ring,left,M,0.8586360837765352,False,0.0,0,True,2025-08-07T17:48:29.151796
44__M_Left_thumb_finger,44,thumb,left,M,0.8935416611000853,False,0.0,0,True,2025-08-07T17:48:29.270721
44__M_Right_index_finger,44,index,right,M,0.8064365297819945,False,0.0,0,True,2025-08-07T17:48:29.386446
44__M_Right_little_finger,44,little,right,M,0.7842246013457723,False,0.0,0,True,2025-08-07T17:48:29.472405
44__M_Right_middle_finger,44,middle,right,M,0.8821114099181011,False,0.0,0,True,2025-08-07T17:48:29.552078
44__M_Right_ring_finger,44,ring,right,M,0.8039593410752526,False,0.0,0,True,2025-08-07T17:48:29.671218
44__M_Right_thumb_finger,44,thumb,right,M,0.9727202099704861,False,0.0,0,True,2025-08-07T17:48:29.779963
45__M_Left_index_finger,45,index,left,M,0.7353175642946047,False,0.0,0,True,2025-08-07T17:48:29.885266
45__M_Left_little_finger,45,little,left,M,0.6911147578991452,False,0.0,0,True,2025-08-07T17:48:29.956701
45__M_Left_middle_finger,45,middle,left,M,0.75610898603048,False,0.0,0,True,2025-08-07T17:48:30.052599
45__M_Left_ring_finger,45,ring,left,M,0.7468792966666007,False,0.0,0,True,2025-08-07T17:48:30.133178
45__M_Left_thumb_finger,45,thumb,left,M,0.8192814966025213,False,0.0,0,True,2025-08-07T17:48:30.213146
45__M_Right_index_finger,45,index,right,M,0.6740782020737563,False,0.0,0,True,2025-08-07T17:48:30.346340
45__M_Right_little_finger,45,little,right,M,0.6991489041400828,False,0.0,0,True,2025-08-07T17:48:30.473843
45__M_Right_middle_finger,45,middle,right,M,0.7521470640524155,False,0.0,0,True,2025-08-07T17:48:30.557194
45__M_Right_ring_finger,45,ring,right,M,0.7164449732113736,False,0.0,0,True,2025-08-07T17:48:30.656990
45__M_Right_thumb_finger,45,thumb,right,M,0.8698366805863735,False,0.0,0,True,2025-08-07T17:48:30.742399
1__M_Left_index_finger,46,index,left,M,0.8312702320371372,False,0.0,0,True,2025-08-07T17:48:30.828134
1__M_Left_little_finger,46,little,left,M,0.7491915498725961,False,0.0,0,True,2025-08-07T17:48:30.897117
1__M_Left_middle_finger,46,middle,left,M,0.8744485446041664,False,0.0,0,True,2025-08-07T17:48:30.994189
1__M_Left_ring_finger,46,ring,left,M,0.8283500243894124,False,0.0,0,True,2025-08-07T17:48:31.071926
1__M_Left_thumb_finger,46,thumb,left,M,0.9331625506842545,False,0.0,0,True,2025-08-07T17:48:31.156932
1__M_Right_index_finger,46,index,right,M,0.8539289288662977,False,0.0,0,True,2025-08-07T17:48:31.259060
1__M_Right_little_finger,46,little,right,M,0.7701600131285993,False,0.0,0,True,2025-08-07T17:48:31.351341
1__M_Right_middle_finger,46,middle,right,M,0.7886998292962384,False,0.0,0,True,2025-08-07T17:48:31.475733
1__M_Right_ring_finger,46,ring,right,M,0.8028225215375373,False,0.0,0,True,2025-08-07T17:48:31.590978
1__M_Right_thumb_finger,46,thumb,right,M,0.9134591498456486,False,0.0,0,True,2025-08-07T17:48:31.669171
12__M_Left_index_finger,47,index,left,M,0.7853156517230782,False,0.0,0,True,2025-08-07T17:48:31.745439
12__M_Left_little_finger,47,little,left,M,0.7570583840037415,False,0.0,0,True,2025-08-07T17:48:31.816445
12__M_Left_middle_finger,47,middle,left,M,0.797192675631,False,0.0,0,True,2025-08-07T17:48:31.888849
12__M_Left_ring_finger,47,ring,left,M,0.7778694641960929,False,0.0,0,True,2025-08-07T17:48:31.961789
12__M_Left_thumb_finger,47,thumb,left,M,0.8939096523995304,False,0.0,0,True,2025-08-07T17:48:32.044797
12__M_Right_index_finger,47,index,right,M,0.8133849170117096,False,0.0,0,True,2025-08-07T17:48:32.115412
12__M_Right_little_finger,47,little,right,M,0.8407422874374991,False,0.0,0,True,2025-08-07T17:48:32.191977
12__M_Right_middle_finger,47,middle,right,M,0.8276104321475217,False,0.0,0,True,2025-08-07T17:48:32.267782
12__M_Right_ring_finger,47,ring,right,M,0.8503329724401094,False,0.0,0,True,2025-08-07T17:48:32.374496
12__M_Right_thumb_finger,47,thumb,right,M,0.9018930986933924,False,0.0,0,True,2025-08-07T17:48:32.464854
1__M_Left_index_finger,48,index,left,M,0.8312702320371372,False,0.0,0,True,2025-08-07T17:48:32.572387
1__M_Left_little_finger,48,little,left,M,0.8312702320371372,False,0.0,0,True,2025-08-07T17:48:32.668591
1__M_Left_middle_finger,48,middle,left,M,0.8744485446041664,False,0.0,0,True,2025-08-07T17:48:32.742874
1__M_Left_ring_finger,48,ring,left,M,0.8283500243894124,False,0.0,0,True,2025-08-07T17:48:32.844774
1__M_Left_thumb_finger,48,thumb,left,M,0.9331625506842545,False,0.0,0,True,2025-08-07T17:48:32.927398
1__M_Right_index_finger,48,index,right,M,0.8539289288662977,False,0.0,0,True,2025-08-07T17:48:33.033804
1__M_Right_little_finger,48,little,right,M,0.7701600131285993,False,0.0,0,True,2025-08-07T17:48:33.133275
1__M_Right_middle_finger,48,middle,right,M,0.7886998292962384,False,0.0,0,True,2025-08-07T17:48:33.349412
1__M_Right_ring_finger,48,ring,right,M,0.8028225215375373,False,0.0,0,True,2025-08-07T17:48:33.466513
1__M_Right_thumb_finger,48,thumb,right,M,0.9134591498456486,False,0.0,0,True,2025-08-07T17:48:33.569177
5__M_Left_index_finger,5,index,left,M,0.8356440783755228,False,0.0,0,True,2025-08-07T17:48:33.655085
5__M_Left_little_finger,5,little,left,M,0.8369979012994395,False,0.0,0,True,2025-08-07T17:48:33.738640
5__M_Left_middle_finger,5,middle,left,M,0.843054973761685,False,0.0,0,True,2025-08-07T17:48:33.853378
5__M_Left_ring_finger,5,ring,left,M,0.865862699093368,False,0.0,0,True,2025-08-07T17:48:34.051534
5__M_Left_thumb_finger,5,thumb,left,M,0.9134339911101008,False,0.0,0,True,2025-08-07T17:48:34.156508
5__M_Right_index_finger,5,index,right,M,0.8700254389011257,False,0.0,0,True,2025-08-07T17:48:34.255620
5__M_Right_little_finger,5,little,right,M,0.8503322291835621,False,0.0,0,True,2025-08-07T17:48:34.373083
5__M_Right_middle_finger,5,middle,right,M,0.8581312709158577,False,0.0,0,True,2025-08-07T17:48:34.504288
5__M_Right_ring_finger,5,ring,right,M,0.8453782615126668,False,0.0,0,True,2025-08-07T17:48:34.942544
5__M_Right_thumb_finger,5,thumb,right,M,0.8696806801812837,False,0.0,0,True,2025-08-07T17:48:35.023378
6__M_Left_index_finger,6,index,left,M,0.6933340365290798,False,0.0,0,True,2025-08-07T17:48:35.230291
6__M_Left_little_finger,6,little,left,M,0.718134557545759,False,0.0,0,True,2025-08-07T17:48:35.315473
6__M_Left_middle_finger,6,middle,left,M,0.7495858716460796,False,0.0,0,True,2025-08-07T17:48:35.439229
6__M_Left_ring_finger,6,ring,left,M,0.7556904394632546,False,0.0,0,True,2025-08-07T17:48:35.509616
6__M_Left_thumb_finger,6,thumb,left,M,0.8686055349756907,False,0.0,0,True,2025-08-07T17:48:35.590867
6__M_Right_index_finger,6,index,right,M,0.7920743760840708,False,0.0,0,True,2025-08-07T17:48:35.686278
6__M_Right_little_finger,6,little,right,M,0.7205435222075357,False,0.0,0,True,2025-08-07T17:48:35.786645
6__M_Right_middle_finger,6,middle,right,M,0.785485173420282,False,0.0,0,True,2025-08-07T17:48:35.892199
6__M_Right_ring_finger,6,ring,right,M,0.7835369765146354,False,0.0,0,True,2025-08-07T17:48:35.992201
6__M_Right_thumb_finger,6,thumb,right,M,0.8904762231935113,False,0.0,0,True,2025-08-07T17:48:36.073553
7__M_Left_index_finger,7,index,left,M,0.741056631263605,False,0.0,0,True,2025-08-07T17:48:36.151117
7__M_Left_little_finger,7,little,left,M,0.7140759842991645,False,0.0,0,True,2025-08-07T17:48:36.218130
7__M_Left_middle_finger,7,middle,left,M,0.7810387422154073,False,0.0,0,True,2025-08-07T17:48:36.304877
7__M_Left_ring_finger,7,ring,left,M,0.7591154491166325,False,0.0,0,True,2025-08-07T17:48:36.388570
7__M_Left_thumb_finger,7,thumb,left,M,0.7770804313669142,False,0.0,0,True,2025-08-07T17:48:36.454167
7__M_Right_index_finger,7,index,right,M,0.7695644776357742,False,0.0,0,True,2025-08-07T17:48:36.539851
7__M_Right_little_finger,7,little,right,M,0.7363467117497613,False,0.0,0,True,2025-08-07T17:48:36.635788
7__M_Right_middle_finger,7,middle,right,M,0.7578085470831564,False,0.0,0,True,2025-08-07T17:48:36.712815
7__M_Right_ring_finger,7,ring,right,M,0.693148816822342,False,0.0,0,True,2025-08-07T17:48:36.799733
7__M_Right_thumb_finger,7,thumb,right,M,0.88837512648671,False,0.0,0,True,2025-08-07T17:48:36.888315
8__M_Left_index_finger,8,index,left,M,0.8816884422728586,False,0.0,0,True,2025-08-07T17:48:36.970861
8__M_Left_little_finger,8,little,left,M,0.7629341758648512,False,0.0,0,True,2025-08-07T17:48:37.046383
8__M_Left_middle_finger,8,middle,left,M,0.897936954378064,False,0.0,0,True,2025-08-07T17:48:37.147951
8__M_Left_ring_finger,8,ring,left,M,0.7653017263895316,False,0.0,0,True,2025-08-07T17:48:37.240758
8__M_Left_thumb_finger,8,thumb,left,M,0.9451280218826766,False,0.0,0,True,2025-08-07T17:48:37.341454
8__M_Right_index_finger,8,index,right,M,0.8491639876247399,False,0.0,0,True,2025-08-07T17:48:37.412948
8__M_Right_little_finger,8,little,right,M,0.8068491557867559,False,0.0,0,True,2025-08-07T17:48:37.494330
8__M_Right_middle_finger,8,middle,right,M,0.8886014328783426,False,0.0,0,True,2025-08-07T17:48:37.568184
8__M_Right_ring_finger,8,ring,right,M,0.8848091073725238,False,0.0,0,True,2025-08-07T17:48:37.653773
8__M_Right_thumb_finger,8,thumb,right,M,0.9382750155983595,False,0.0,0,True,2025-08-07T17:48:37.771661
9__M_Left_index_finger,9,index,left,M,0.8145736515683522,False,0.0,0,True,2025-08-07T17:48:37.899573
9__M_Left_little_finger,9,little,left,M,0.811255588913194,False,0.0,0,True,2025-08-07T17:48:37.987542
9__M_Left_middle_finger,9,middle,left,M,0.9396801793084267,False,0.0,0,True,2025-08-07T17:48:38.099369
9__M_Left_ring_finger,9,ring,left,M,0.7754394970684961,False,0.0,0,True,2025-08-07T17:48:38.187480
9__M_Left_thumb_finger,9,thumb,left,M,0.8913029986255474,False,0.0,0,True,2025-08-07T17:48:38.291582
9__M_Right_index_finger,9,index,right,M,0.9013162811452298,False,0.0,0,True,2025-08-07T17:48:38.376536
9__M_Right_little_finger,9,little,right,M,0.7979331257029292,False,0.0,0,True,2025-08-07T17:48:38.508616
9__M_Right_middle_finger,9,middle,right,M,0.8470207712075553,False,0.0,0,True,2025-08-07T17:48:38.613183
9__M_Right_ring_finger,9,ring,right,M,0.8881245268293501,False,0.0,0,True,2025-08-07T17:48:38.692707
9__M_Right_thumb_finger,9,thumb,right,M,0.9372943525846988,False,0.0,0,True,2025-08-07T17:48:38.793455
